SyndromeMasterName,SyndromeAltName,DisplayAltNameSyndrome,BiVsMonoAllelic,Test
Dyskeratosis Congenita,"Dyskeratosis congenita, autosomal dominant, 2",,Mono,
Ectodermal Dysplasia Syndrome,Ectodermal dysplasia syndrome,2,,
Emberger Syndrome,Emberger Syndrome,,,
"Emery-Dreifuss muscular dystrophy 1, X-linked","Emery-Dreifuss muscular dystrophy 1, X-linked",2,,
"Emery-Dreifuss muscular dystrophy 3, autosomal recessive","Emery-Dreifuss muscular dystrophy 3, autosomal recessive",2,,
"Emery-Dreifuss muscular dystrophy 7, autosomal dominant","Emery-Dreifuss muscular dystrophy 7, autosomal dominant",2,,
epidermal nevus syndrome,epidermal nevus syndrome,2,,
ESTREN-DAMESHEK VARIANT OF FANCONI ANEMIA,ESTREN-DAMESHEK VARIANT OF FANCONI ANEMIA,2,,
Fabry disease,Fabry disease,2,,
"Facial Dysmorphism, Immunodeficiency, Livedo, and Short Stature (FILS) Syndrome",facial dysmorphism-immunodeficiency-livedo-short stature syndrome,,,
Familial Acute Myeloid Leukemia,Familial Acute Myeloid Leukemia,2,,
Familial Erythrocytosis,Familial Erythrocytosis,2,,
Familial Erythrocytosis Type 2,Familial erythrocytosis Type 2,2,Biallelic,
Familial hypercholesterolemia,Familial hypercholesterolemia,2,,
Familial Hypocalciuric Hypercalcemia,BFHH,,,
Familial Hypocalciuric Hypercalcemia,Familial Hypocalciuric Hypercalcemia,2,,
Familial Hypocalciuric Hypercalcemia,Familial Hypocalciuric Hypercalcemia (BFHH),2,,
Familial Isolated Hyperparathyroidism,Familial Isolated Hyperparathyroidism (FIHP),2,Mono,
Familial Isolated Hyperparathyroidism,Familial Isolated Hyperparathyroidism (FIHP),,Mono,
Familial Isolated Hyperparathyroidism,Familial Isolated Hyperparathyroidism,,Mono,
Familial Isolated Hyperparathyroidism,FIH,,Mono,
Familial Isolated Hyperparathyroidism (FIHP),familial isolated hyperparathyroidism,,Mono,
Familial Isolated Hyperparathyroidism (FIHP),Familial isolated hyperparathyroid,,Mono,
Familial Isolated Hyperparathyroidism (FIHP),familial primary hyperparathyroidism,,Mono,
Familial lichen amyloidosis,Familial lichen amyloidosis,2,,
Familial Medullary Thyroid Carcinoma Syndrome,Familial medullary thyroid carcinoma,,Mono,
Familial Meningioma,Familial Meningioma,2,,
Familial multiple trichoepitheliomata,Familial multiple trichoepitheliomata,2,,
familial nonmedullary thyroid carcinoma,familial nonmedullary thyroid carcinoma,2,,
familial papillary or follicular thyroid carcinoma,familial papillary or follicular thyroid carcinoma,2,,
familial papillary thyroid carcinoma with renal papillary neoplasia,familial papillary thyroid carcinoma with renal papillary neoplasia,2,,
familial parathyroid adenoma,familial parathyroid adenoma,2,,
Familial partial lipodystrophy 2,Familial partial lipodystrophy 2,2,,
Familial Platelet Disorder With Associated Myeloid Malignancy,Familial Platelet Disorder With Associated Myeloid Malignancy,2,,
familial primary localized cutaneous amyloidosis,familial primary localized cutaneous amyloidosis,2,,
Familial restrictive cardiomyopathy,Familial restrictive cardiomyopathy 1,,,
Familial restrictive cardiomyopathy,Familial restrictive cardiomyopathy 3,,,
FAMM,Familial Atypical Multiple Mole-Melanoma,1,,
FAMM,familial atypical multiple mole melanoma (FAMMM) syndrome,,Mono,
FAMM,Familial Atypical Multiple Mole Melanoma Syndrome,1,Mono,
FAMM,Familial Atypical Mole-Malignant Melanoma Syndrome,1,,
FAMM,FAMM,2,Mono,
FAMM,Familial Atypical Mole Melanoma Syndrome,,,
FAMM,Atypical mole syndrome (AMS),,Mono,
FAMM,Autosomal Dominant Cutaneous Malignant Melanoma,,,
FAMM,Hereditary Cutaneous Melanoma,1,,
FAMM,Dysplastic nevi syndrome (DNS),1,Mono,
FAMM,Familial Atypical Multiple Mole Melanoma,,Mono,
FAMM,hereditary melanoma-pancreatic cancer syndrome,,,
FAMM,Hereditary Melanoma,,,
FAMM,familial cutaneous melanoma,,,
FAMM,Dysplastic Nevus Syndrome,,,
FAMM,Dysplastic nevi syndrome (DNS),,Mono,
FAMM,familial melanoma,,,
FAMM,Clark nevi syndrome,1,Mono,
FAMM,Clark nevi syndrome,,Mono,
FAMM,B-K mole syndrome,1,Mono,
FAMM,B-K mole syndrome,,Mono,
FAMM,Melanoma-pancreatic cancer syndrome,1,Mono,
FAMM,"Melanoma, cutaneous malignant, susceptibility to, 10",,,
FAMM,Melanoma Cancer Syndrome,1,Mono,
Fanconi Anemia,"Fanconi anemia, complementation group G",,Biallelic,
Fanconi Anemia,"Fanconi anemia, complementation group F",,Biallelic,
Fanconi Anemia,"Fanconi anemia, complementation group E",,Biallelic,
Fanconi Anemia,"Fanconi anemia, complementation group I",,Biallelic,
Fanconi Anemia,"Fanconi anemia, complementation group D1",,Biallelic,
Fanconi Anemia,Fanconi Anemia,,Biallelic,
Fanconi Anemia,"Fanconi anemia, complementation group D2",,Biallelic,
Fanconi Anemia,Fanconi anemia complementation group J,,,
Fanconi Anemia,Fanconi anemia,2,,
Fanconi Anemia,"Fanconi anemia, complementation group C",,Biallelic,
Fanconi Anemia,"Fanconi anemia, complementation group B",,Biallelic,
Fanconi Anemia,"FANCONI ANEMIA, COMPLEMENTATION GROUP J",,,
Fanconi Anemia,"Fanconi Anemia, Complementation Group A",,,
Fanconi Anemia,"Fanconi anemia, complementation group L",,,
Fanconi Anemia,"Fanconi anemia, complementation group U",,,
Fanconi Anemia,Fanconi anemia complementation group O,,,
Fanconi Anemia,"FANCONI ANEMIA, COMPLEMENTATION GROUP A (disorder)",,,
Fanconi Anemia,Fanconi anemia complementation group D1,,,
Fanconi Anemia,Fanconi anemia complementation group C,,,
Fanconi Anemia,Fanconi anemia complementation group A,,,
Fanconi Anemia,Hereditary Breast And Ovarian Cancer (HBOC),,Biallelic,
Fanconi Anemia,Fanoni-like syndrome; embryonically lethal,,Biallelic,
Fanconi Anemia,"Fanconi Anemia, Type M",,,
Fanconi Anemia,"Fanconi Anemia, Type D2",,,
Fanconi Anemia,"Fanconi Anemia,  Type Q",,,
Fanconi Anemia,"Fanconi anemia, complementation group R",,,
Fanconi Anemia,Breast Cancer And Autosomal Recessive Fanconi Anemia,,,
Fanconi Anemia,"Fanconi anemia, complementation group N",,Biallelic,
Fanconi Anemia,"Fanconi anemia, complementation group O",,Biallelic,
Fanconi Anemia,"Fanconi anemia, complementation group Q",,Biallelic,
Fanconi Anemia,"Fanconi anemia, complementation group P",,Biallelic,
Fanconi Anemia,"FANCONI ANEMIA, COMPLEMENTATION GROUP S",,Biallelic,
FAP,familial adenomatous polyposis 1,,,
FAP,Familial Adenomatous Polyposis (FAP),,Mono,
FAP,Familial Adenomatous Polyposis,1,Mono,
FAP,Familial adenomatous polyposis 3,,,
FAP,Familial adenomatous polyposis 4,,,
FAP,Familial Adenomatous Polyposis FAP,,,
FAP,FAP,2,Mono,
FAP,classic familial adenomatous polyposis,,,
FAP,Adenomatous Polyposis Coli,1,Mono,
FILS Syndrome,"FILS syndrome (Facial dysmorphism, immunodeficiency, livedo, and short stature)",,Biallelic,
FILS Syndrome,"Facial Dysmorphism, Immunodeficiency, Livedo, and Short Stature",2,Biallelic,
Frasier Syndrome,Frasier Syndrome,2,Mono,
fumarate hydratase deficiency,Fumarate Hydratase Deficiency,2,Biallelic,
fumarate hydratase deficiency,Fumarase Deficiency,2,Biallelic,
Gardner Syndrome,Gardner syndrome,2,Mono,
Gardner Syndrome,Gardner,,Mono,
GATA2 Deficiency,GATA2 Deficiency,2,Mono,
Glioma susceptibility,Glioma susceptibility 3,,,
Glioma susceptibility,Glioma susceptibility 2,,,
Glioma susceptibility,Glioma susceptibility 9,,,
Gorlin Syndrome,Hereditary Basal Cell Carcinoma Syndrome,1,Mono,
Gorlin Syndrome,Gorlin Syndrome,2,Mono,
Gorlin Syndrome,Gorlin,,Mono,
Gorlin Syndrome,Nevoid Basal Cell Carcinoma Syndrome (NBCCS),,Mono,
Gorlin Syndrome,Nevoid Basal Cell Carcinoma Syndrome (NBCCS)/Gorlin,,Mono,
Gorlin Syndrome,nevoid basal cell carcinoma syndrome,1,Mono,
Gorlin Syndrome,Basal Cell Nevus Syndrome,1,Mono,
"Heart-hand syndrome, Slovenian type","Heart-hand syndrome, Slovenian type",2,,
Hereditary Adrenocortical carcinoma,"Adrenocortical carcinoma, hereditary",,,
Gorlin Syndrome,Hereditary Basal Cell Carcinoma Syndrome,1,,
Hereditary Bowel Cancer Syndrome,familial bowel cancer,,,
Hereditary Bowel Cancer Syndrome,Hereditary Bowel Cancer,1,,
Hereditary Breast and Ovary Cancer Syndrome,Hereditary Breast and Ovarian Carcinoma Syndrome,,Mono,
Hereditary Breast and Ovary Cancer Syndrome,Hereditary Breast and Ovarian Cancer Syndrome,1,Mono,
Hereditary Breast and Ovary Cancer Syndrome,"Breast-ovarian cancer, familial 4",,Mono,
Hereditary Breast and Ovary Cancer Syndrome,hereditary breast and ovarian cancer,,Mono,
Hereditary Breast and Ovary Cancer Syndrome,Hereditary Breast and Ovary Cancer Syndrome,2,Mono,
Hereditary Breast and Ovary Cancer Syndrome,"Breast-ovarian cancer, familial 1",,Mono,
Hereditary Breast and Ovary Cancer Syndrome,Breast-ovarian cancer,,Mono,
Hereditary Breast and Ovary Cancer Syndrome,"Breast-ovarian cancer, familial 2",,Mono,
Hereditary Breast and Ovary Cancer Syndrome,inherited early onset breast and/or ovarian cancer,,Mono,
Hereditary Breast and Ovary Cancer Syndrome,HBOC,1,Mono,
Hereditary Breast and Ovary Cancer Syndrome,"Breast-ovarian cancer, familial 3",,Mono,
Hereditary Breast and Ovary Cancer Syndrome,BROVCA4,1,,
Hereditary Breast and Ovary Cancer Syndrome,BROVCA3,1,,
Hereditary Breast and Ovary Cancer Syndrome,"breast-ovarian cancer, familial, susceptibility to, 2",,,
Hereditary Breast and Ovary Cancer Syndrome,"breast-ovarian cancer, familial, susceptibility to, 1",,,
Hereditary Breast and Ovary Cancer Syndrome,hereditary breast ovarian cancer syndrome,,,
Hereditary Breast and Ovary Cancer Syndrome,familial breast/ ovarian cancer,,Mono,
Hereditary Breast and Ovary Cancer Syndrome,Familial cancer of breast,,Mono,
Hereditary Breast Cancer Syndrome,herediatry breast cancer,,,
Hereditary Breast Cancer Syndrome,hereditary breast carcinoma,,,
Hereditary Breast Cancer Syndrome,Hereditary Breast Cancer Syndrome,2,Mono,
Hereditary Breast Cancer Syndrome,hereditary breast cancer,,Mono,
Hereditary Breast Cancer Syndrome,HBC,,Mono,
3-Methylglutaconic aciduria type 2,3-Methylglutaconic aciduria type 2,2,,
Acrodysostosis 1 with or without hormone resistance,Acrodysostosis 1 with or without hormone resistance,2,,
Androgen Insensitivity Syndrome,ANDROGEN INSENSITIVITY SYNDROME,2,,
Arrhythmogenic right ventricular cardiomyopathy,ARVC ,,Mono,
Arrhythmogenic right ventricular cardiomyopathy,ARVC ,1,Mono,
Arrhythmogenic right ventricular cardiomyopathy,"Arrhythmogenic right ventricular cardiomyopathy, type 9",,Mono,
Arrhythmogenic right ventricular cardiomyopathy,"Arrhythmogenic right ventricular cardiomyopathy, type 8",,Mono,
Arrhythmogenic right ventricular cardiomyopathy,"Arrhythmogenic right ventricular cardiomyopathy, type 5",,Mono,
Arrhythmogenic right ventricular cardiomyopathy,"Arrhythmogenic right ventricular cardiomyopathy, type 11",,Mono,
Arrhythmogenic right ventricular cardiomyopathy,"Arrhythmogenic right ventricular cardiomyopathy, type 10",,Mono,
Arrhythmogenic right ventricular dysplasia,arrhythmogenic right ventricular dysplasia 9,,Mono,
Arrhythmogenic right ventricular dysplasia,arrhythmogenic right ventricular dysplasia,2,Mono,
Ataxia telangiectasia,Ataxiatelangiectasia,,Biallelic,
Ataxia telangiectasia,Ataxia-telangiectasia syndrome,,Biallelic,
Ataxia telangiectasia,Ataxia-telangiectasia,,Biallelic,
Ataxia telangiectasia,Ataxia Telangiectasia Mutated,1,Biallelic,
Ataxia telangiectasia,Ataxia telangiectasia,2,Biallelic,
Ataxia telangiectasia,Ataxia-Telangiectasia (A-T),,Biallelic,
Ataxia-Telangiectasia-Like Disorder (ATLD),Ataxia-Telangiectasia-Like Disorder (ATLD),2,Biallelic,
Ataxia-Telangiectasia-Like Disorder (ATLD),Ataxia-telangiectasia-like disorder 1,,Biallelic,
"Atrial fibrillation, familial","Atrial fibrillation, familial, 12",,,
Attenuated FAP,AFAP,1,Mono,
Attenuated FAP,APC-AFAP,,Mono,
Attenuated FAP,APC-related attenuated familial adenomatous polyposis,1,,
Attenuated FAP,Attenuated FAP,2,Mono,
Attenuated FAP,"FAMILIAL ADENOMATOUS POLYPOSIS, ATTENUATED (disorder)",1,,
Attenuated FAP,Familial Adenomatous and Attenuated Familial Adenomatous Polyposis,1,Mono,
Bainbridge-Ropers syndrome,Bainbridge-Ropers syndrome,2,,
Baller-Gerold Syndrome,Baller-Gerold Syndrome,2,Biallelic,
Bannayan-Riley-Ruvalcaba Syndrome,Bannayan-Riley-Ruvalcaba syndrome,2,Mono,
BAP1 Tumor Predisposition Syndrome,BAP1 Tumor Predisposition Syndrome,2,Biallelic,
BAP1 Tumor Predisposition Syndrome,Tumor susceptibility linked to germline BAP1 mutations,,Biallelic,
Beckwith-Wiedemann Syndrome,Beckwith-Wiedemann Syndrome,2,Mono,
Benign scapuloperoneal muscular dystrophy with cardiomyopathy,Benign scapuloperoneal muscular dystrophy with cardiomyopathy,2,,
Birt-Hogg-Dube Syndrome,Birt-Hogg-Dubé (BHD),,Mono,
Birt-Hogg-Dube Syndrome,Birt-Hogg-Dube,,Mono,
Blepharocheilodontic Syndrome,blepharo-cheilo-odontic syndrome,,Mono,
Blepharocheilodontic Syndrome,BLEPHAROCHEILODONTIC SYNDROME 1,,Mono,
Blepharocheilodontic Syndrome,Blepharo-cheilo-dontic syndrome,2,Mono,
Blepharocheilodontic Syndrome,Blepharocheilodontic syndrome,,Mono,
Bloom Syndrome,Bloom Syndrome,2,Biallelic,
Bone Marrow Failure Syndrome,BONE MARROW FAILURE SYNDROME 5,,,
Brugada syndrome,Brugada syndrome 1,,Mono,
Brugada syndrome,chromosome 10q23 deletion syndrome,,Mono,
Cantu Sundrome,Cantu Sundrome,2,Mono,
Cantu Syndrome,hypertrichotic osteochondrodysplasia Cantu type,,Mono,
Cantu Syndrome,Hypertrichotic osteochondrodysplasia,,Mono,
Cardiomyopathy Syndrome,familial cardiomyopathy,,,
"Cardiomyopathy, dilated, with woolly hair, keratoderma, and tooth agenesis","Cardiomyopathy, dilated, with woolly hair, keratoderma, and tooth agenesis",2,,
Carney Complex,"Atrial myxoma, familial",,Mono,
Carney Complex,"lentigines, atrial myxoma, and blue nevi (LAMB) syndrome",,Mono,
Carney Complex,CNC,,Mono,
Carney Complex,Carney syndrome,,Mono,
Carney Complex,Carney Complex,2,Mono,
Carney Complex,familial myxoma,,Mono,
Carney Complex,"nevi, atrial myxoma, myxoid neurofibromas, and ephelides (NAME) syndrome",,Mono,
Carney Complex,"Carney complex, type 1",,Mono,
Carney-Stratakis Syndrome,Carney-Stratakis Syndrome,2,Mono,
Hyperparathyroidism-jaw tumor syndrome,CDC73-Related Disorders,2,,
Cenani-Lenz Syndrome,Cenani-Lenz Syndrome,2,,
Cerebrooculofacioskeletal syndrome,Cerebrooculofacioskeletal syndrome 2,,,
Cerebrooculofacioskeletal syndrome,Cerebrooculofacioskeletal syndrome 3,,,
Charcot-Marie-Tooth,Charcot-Marie-Tooth disease type 2B1,,,
Choreoathetosis and Congenital Hypothyroidism with or Without Pulmonary Dysfunction,Brain-Lung-Thyroid Syndrome,,,
"Chromosome 17, trisomy 17p11 2","Chromosome 17, trisomy 17p11 2",2,,
Clouston syndrome,Clouston syndrome,2,,
Cockayne Syndrome,Cockayne Syndrome,2,Biallelic,
Coffin-Siris Syndrome,Coffin-Siris syndrome 5,,,
Coffin-Siris Syndrome,Coffin-Siris Syndrome,2,Mono,
Colonic Polyposis And Colorectal Cancer,Colonic Polyposis And Colorectal Cancer,2,,
Colonic Polyposis And Colorectal Cancer,Polyposis And Colorectal Cancer,,,
Congenital Generalized Lipodystrophy,congenital generalized lipodystrophy type 4,,,
Congenital Generalized Lipodystrophy,congenital generalized lipodystrophy type 2,,,
Congenital Generalized Lipodystrophy,congenital generalized lipodystrophy type 3,,,
Congenital Generalized Lipodystrophy,congenital generalized lipodystrophy type 1,,,
"Congenital muscular dystrophy, LMNA-related","Congenital muscular dystrophy, LMNA-related",2,,
Congenital scars,Congenital scars,2,,
Congenital Tufting Enteropathy,congenital diarrhea 5 with tufting enteropathy,,Biallelic,
Congenital Tufting Enteropathy,Congenital Tufting Enteropathy,2,Biallelic,
Congenital vascular anomaly,Congenital vascular anomaly,2,,
Congenital vascular anomaly,congenital vascular malformation,,,
Constitutional Mismatch Repair Deficiency Syndrome,Constitutional Mismatch Repair Deficiency Syndrome (CMMR-D),,Biallelic,
Constitutional Mismatch Repair Deficiency Syndrome,Constitutional Mismatch Repair Deficiency Syndrome,,Biallelic,
Constitutional Mismatch Repair Deficiency Syndrome,Constitutional mismatch repair deficiency syndrome,2,Biallelic,
Costello Syndrome,PTEN Hamartoma Tumor Syndrome,,Mono,
Costello Syndrome,Costello Syndrome,2,Mono,
Cowden syndrome,"Hamartoma Syndrome, Multiple",,Mono,
Cowden Syndrome,PTEN Hamartoma Tumor Syndrome,,Mono,
Cowden Syndrome,PTEN Hamartoma Syndrome (PHTS),1,Mono,
Cowden Syndrome,Multiple Hamartoma Syndrome,1,Mono,
Cowden Syndrome,PHTS,1,Mono,
Cowden Syndrome,PTEN Hamartoma Tumor Syndrome,1,Mono,
Cowden Syndrome,Cowden syndrome 5,,Mono,
Cowden Syndrome,Cowden,,Mono,
Cowden Syndrome,Cowden disease,,Mono,
Cowden Syndrome,Cowden syndrome,2,Mono,
Cowden Syndrome,Cowden syndrome 1,,Mono,
Cowden-Like Syndrome,Cowden-Like Syndrome,2,Mono,
CRC10,Colorectal Cancer 10,,,
CRC10,CRC10,2,,
CRC12,CRC12,2,,
CRC12,Colorectal Cancer 12,,,
CRC12,"Colorectal cancer, susceptibility to, 12",,,
"Cutaneous telangiectasia and cancer syndrome, familial","Cutaneous telangiectasia and cancer syndrome, familial",2,,
"Cystic Fibrosis & Congenital Absence Of The Vas Deferens (CAVD),","Cystic Fibrosis & Congenital Absence Of The Vas Deferens (CAVD),",2,Biallelic,
Danon disease,Danon disease,2,,
Denys-Drash Syndrome,Denys-Drash Syndrome,2,Mono,
Diamond-Blackfan Anemia,Diamond Blackfan Anemia,,Mono,
Diamond-Blackfan Anemia,Diamond-Blackfan Anemia,2,,
DICER1-Pleuropulmonary Blastoma Familial Tumor Predisposition Syndrome,DICER1 Syndrome,,,
DICER1-Pleuropulmonary Blastoma Familial Tumor Predisposition Syndrome,DICER1-Pleuropulmonary Blastoma Familial Tumor Predisposition Syndrome,2,,
DICER1-Pleuropulmonary Blastoma Familial Tumor Predisposition Syndrome,DICER1-related pleuropulmonary blastoma cancer predisposition syndrome,,,
Dilated Cardiomyopathy,Dilated cardiomyopathy 1I,,,
Dilated Cardiomyopathy,Primary dilated cardiomyopathy,,,
Dilated Cardiomyopathy,Dilated cardiomyopathy,2,,
Dilated Cardiomyopathy,Dilated cardiomyopathy 1A,,,
Dilated Cardiomyopathy,Dilated cardiomyopathy 1AA,,,
Dilated Cardiomyopathy,Dilated cardiomyopathy 1BB,,,
Dilated Cardiomyopathy,Primary dilated cardiomyopathy,1,,
Dilated Cardiomyopathy,Dilated cardiomyopathy 1GG,,,
Dilated Cardiomyopathy,Dilated cardiomyopathy 1C,,,
Dilated Cardiomyopathy,Dilated cardiomyopathy 1L,,,
Dilated Cardiomyopathy,Dilated cardiomyopathy 1M,,,
Dilated Cardiomyopathy,Dilated cardiomyopathy 1N,,,
Dilated Cardiomyopathy,Dilated cardiomyopathy 1O,,,
Dilated Cardiomyopathy,Dilated cardiomyopathy 1P,,,
Dilated Cardiomyopathy,Dilated cardiomyopathy 1S,,,
Dilated Cardiomyopathy,Dilated cardiomyopathy 1W,,,
Dilated Cardiomyopathy,Dilated cardiomyopathy 1Y,,,
Dilated Cardiomyopathy,Dilated cardiomyopathy 2A,,,
Dilated Cardiomyopathy,familial dilated cardiomyopathy,1,,
Dilated Cardiomyopathy,Familial dilated cardiomyopathy with conduction defect due to LMNA mutation,,,
Dilated Cardiomyopathy,Dilated cardiomyopathy 1F,,,
Dilated Cardiomyopathy,Dilated cardiomyopathy 1FF,,,
Dilated cardiomyopathy with woolly hair and keratoderma,Dilated cardiomyopathy with woolly hair and keratoderma,2,,
Dilated cardiomyopathy-hypergonadotropic hypogonadism syndrome,Dilated cardiomyopathy-hypergonadotropic hypogonadism syndrome,2,,
Denys-Drash Syndrome,Drash syndrome,2,,
Dyskeratosis Congenita,Dyskeratosis congenita,,Biallelic,
Dyskeratosis Congenita,Dyskeratosis congenita,,Mono,
Dyskeratosis Congenita,Dyskeratosis Congenita,2,,
Dyskeratosis Congenita,Dyskeratosis congenita autosomal dominant,,Mono,
Hereditary Breast Cancer Syndrome,Familial Breast Cancer Syndrome,,,
Hereditary Breast Cancer Syndrome,Familial Breast Cancer,,,
Hereditary Breast Cancer Syndrome,Breast Cancer,,Mono,
Hereditary Cancer Susceptibility,Hereditary Cancer Susceptibility,2,,
Hereditary Cancer Susceptibility,Hereditary cancer-predisposing syndrome,,,
Hereditary Desmoid Disease Syndrome,"Desmoid disease, hereditary",1,,
Hereditary Diffuse Gastric Cancer Syndrome,"GASTRIC CANCER, HEREDITARY DIFFUSE",,,
Hereditary Diffuse Gastric Cancer Syndrome,HDGC,1,Mono,
Hereditary Diffuse Gastric Cancer Syndrome,Hereditary diffuse gastric cancer syndrome,2,Mono,
Hereditary Diffuse Gastric Cancer Syndrome,Hereditary Diffuse Gastric Cancer (HDGC),,Mono,
Hereditary Diffuse Gastric Cancer Syndrome,Hereditary Diffuse Gastric Cancer,,Mono,
Hereditary Diffuse Gastric Cancer Syndrome,hereditary diffuse gastric adenocarcinoma,,,
Hereditary Glioma Syndrome,Glioma susceptibility 1,1,,
Hereditary Hemorrhagic Telangiectasia (HHT),"Hemorrhagic Telangiectasia, Hereditary",,,
Hereditary Hemorrhagic Telangiectasia (HHT),Hereditary Hemorrhagic Telangiectasia (HHT),2,,
Hereditary Hemorrhagic Telangiectasia (HHT),Hereditary hemorrhagic telangiectasia,,,
Hereditary insensitivity to pain with anhidrosis,Hereditary insensitivity to pain with anhidrosis,2,,
Hereditary Leiomyomatosis And Renal Cell Cancer (HLRCC),Hereditary Leiomyomatosis And Renal Cell Cancer (HLRCC),2,,
Hereditary Leiomyomatosis And Renal Cell Cancer (HLRCC),Hereditary Leiomyomatosis and Renal Cell Cancer,2,,
Hereditary Lung Cancer,Hereditary Lung Cancer,2,,
Hereditary Malignant Neoplasm,Hereditary Malignant Neoplasm,2,,
Hereditary Meningioma,"Meningioma, familial",,,
Hereditary Mixed Polyposis Syndrome,HMPS,,,
Hereditary Mixed Polyposis Syndrome,HMPS,,Mono,
Hereditary Mixed Polyposis Syndrome,Hereditary Mixed Polyposis Syndrome,2,Mono,
Hereditary Mixed Polyposis Syndrome,Hereditary Mixed Polyposis Syndrome (HMPS),,Mono,
Hereditary Mixed Polyposis Syndrome,Hereditary mixed polyposis syndrome 2,,Mono,
Hereditary Neoplastic Syndrome,Hereditary Neoplastic Syndrome,2,,
Hereditary Ovarian Cancer Syndrome,familial ovarian cancer,1,,
Hereditary Ovarian Cancer Syndrome,hereditary site-specific ovarian cancer syndrome,,,
Hereditary Ovarian Cancer Syndrome,Hereditary ovarian cancer,1,Mono,
Hereditary Ovarian Cancer Syndrome,HOC,1,Mono,
Hereditary Ovarian Cancer Syndrome,Hereditary Ovarian Cancer Syndrome,2,,
Hereditary Pancreatic Cancer Syndrome,"PANCREATITIS, HEREDITARY",,,
Hereditary Pancreatic Cancer Syndrome,Hereditary Pancreatic Cancer Syndrome,2,Mono,
Hereditary Pancreatic Cancer Syndrome,"Pancreatic carcinoma, familial",,,
Hereditary Pancreatic Cancer Syndrome,familial pancreatic carcinoma,,,
Hereditary Pancreatic Cancer Syndrome,Hereditary chronic pancreatitis,,,
Hereditary Pancreatitis,Hereditary Pancreatitis,2,Mono,
Hereditary Papillary Renal Cell Carcinoma,Hereditary Papillary Renal Cell Carcinoma (HPRCC),2,,
Hereditary Paraganglioma-Pheochromocytoma Syndrome,Hereditary Paraganglioma- Pheochromocytoma Syndrome,,Mono,
Hereditary Paraganglioma-Pheochromocytoma Syndrome,Hereditary paraganglioma-pheochromocytoma,,Mono,
Hereditary Paraganglioma-Pheochromocytoma Syndrome,Hereditary paraganglioma-pheochromocytoma syndrome,2,Mono,
Hereditary Paraganglioma-Pheochromocytoma Syndrome,hereditary pheochromocytoma-paraganglioma,,,
Hereditary Paraganglioma-Pheochromocytoma Syndrome,hereditary paraganglioma-pheochromocytoma type 4,,Mono,
Hereditary Paraganglioma-Pheochromocytoma Syndrome,Hereditary paraganglioma-pheochromocytoma syndrome (PGL/PCC),,Mono,
Hereditary Paraganglioma-Pheochromocytoma Syndrome,Hereditary Pheochromocytoma-Paraganglioma Syndrome,,,
Hereditary Paraganglioma-Pheochromocytoma Syndrome,Hereditary Paraganglioma-Pheochromocytoma (PGL-PCC) Syndrome,,,
Hereditary Paraganglioma-Pheochromocytoma Syndrome,Hereditary Paraganglioma-Pheochromocytoma (PGL/PCC) Syndromes,,,
Hereditary Paraganglioma-Pheochromocytoma Syndrome,Hereditary Paraganglioma-Pheochromocytoma (PGL/PCC) Syndrome,,,
Hereditary Paraganglioma-Pheochromocytoma Syndrome,Hereditary Paraganglioma-Pheochromocytoma (PGL/PCC),,,
Hereditary Paraganglioma-Pheochromocytoma Syndrome,PGL/PCC,1,Mono,
Hereditary Paraganglioma-Pheochromocytoma Syndrome,Hereditary Paraganglioma-Pheochromocytoma Syndromes,,,
Hereditary Prostate Cancer,Hereditary Prostate Cancer,2,Mono,
Hereditary Prostate Cancer,"Prostate cancer, hereditary, 9",,,
Hereditary Prostate Cancer,"PROSTATE CANCER, HEREDITARY, 1",,,
Hereditary Prostate Cancer,"Prostate cancer, familial",,,
Hereditary Prostate Cancer,familial prostate cancer,,,
Hereditary Prostate Cancer,Hereditary Prostate Carcinoma,,,
Hereditary Pulmonary Arterial Hypertension (PAH),Hereditary Pulmonary Arterial Hypertension (PAH),2,,
Hereditary Retinoblastoma,Hereditary Retinoblastoma,,Mono,
Hereditary Retinoblastoma,Retinoblastoma,,Mono,
Hereditary Retinoblastoma,RB,,Mono,
Howel-Evans syndrome,Howel-Evans syndrome,2,,
Huntington-like Syndrome,Huntington disease-like syndrome due to C9ORF72 expansions,,,
HUTCHINSON-GILFORD PROGERIA SYNDROME,HUTCHINSON-GILFORD PROGERIA SYNDROME,2,Mono,
HUTCHINSON-GILFORD PROGERIA SYNDROME,Hutchinson-Gilford syndrome,,Mono,
"Hypercholesterolemia, autosomal dominant, 3","Hypercholesterolemia, autosomal dominant, 3",2,,
"Hypercholesterolemia, autosomal recessive","Hypercholesterolemia, autosomal recessive",2,,
hyperparathyroidism-jaw tumor syndrome,hyperparathyroidism-jaw tumor syndrome,2,,
Hypertrophic Cardiomyopathy,Familial hypertrophic cardiomyopathy 15,,,
Hypertrophic Cardiomyopathy,Primary familial hypertrophic cardiomyopathy,,,
Hypertrophic Cardiomyopathy,Familial hypertrophic cardiomyopathy 12,,,
Hypertrophic Cardiomyopathy,Familial hypertrophic cardiomyopathy 18,,,
Hypertrophic Cardiomyopathy,Familial hypertrophic cardiomyopathy 2,,,
Hypertrophic Cardiomyopathy,Familial hypertrophic cardiomyopathy 3,,,
Hypertrophic Cardiomyopathy,Familial hypertrophic cardiomyopathy 4,,,
Hypertrophic Cardiomyopathy,Familial hypertrophic cardiomyopathy 6,,,
Hypertrophic Cardiomyopathy,Familial hypertrophic cardiomyopathy 7,,,
Hypertrophic Cardiomyopathy,Familial hypertrophic cardiomyopathy 8,,,
Hypertrophic Cardiomyopathy,Familial hypertrophic cardiomyopathy 10,,,
"Hypocalciuric hypercalcemia, familial, type 1","Hypocalciuric hypercalcemia, familial, type 1",2,,
Idiopathic hypereosinophilic syndrome,Idiopathic hypereosinophilic syndrome,2,,
IMAGE syndrome,"INTRAUTERINE GROWTH RETARDATION, METAPHYSEAL DYSPLASIA, ADRENAL HYPOPLASIA CONGENITA, AND GENITAL ANOMALIES; IMAGE",,Mono,
IMAGE Syndrome,IMAGE Syndrome,2,,
IMAGE syndrome,IMAGe syndrome,,Mono,
immune dysregulation-polyendocrinopathy-enteropathy-X-linked syndrome,immune dysregulation-polyendocrinopathy-enteropathy-X-linked syndrome,2,,
"Intrauterine growth retardation, metaphyseal dysplasia, adrenal hypoplasia congenita, and genital anomalies","Intrauterine growth retardation, metaphyseal dysplasia, adrenal hypoplasia congenita, and genital anomalies",2,,
"Intrauterine growth retardation, metaphyseal dysplasia, adrenal hypoplasia congenita, and genital anomalies","INTRAUTERINE GROWTH RETARDATION, METAPHYSEAL DYSPLASIA, ADRENAL HYPOPLASIA CONGENITA, GENITAL ANOMALIES, AND IMMUNODEFICIENCY",,,
Joubert Syndrome,JOUBERT SYNDROME 32,,,
Joubert Syndrome,Joubert Syndrome,2,Biallelic,
JUVENILE POLYPOSIS OF INFANCY,JUVENILE POLYPOSIS OF INFANCY,2,,
Juvenile Polyposis Syndrome,Juvenile Polyposis Syndrome (JPS),,Mono,
Juvenile Polyposis Syndrome,generalized juvenile polyposis/juvenile polyposis coli,,,
Juvenile Polyposis Syndrome,JPS,1,Mono,
Juvenile Polyposis Syndrome,Juvenile Polyposis Syndrome,2,Mono,
Juvenile polyposis_hereditary hemorrhagic telangiectasia syndrome,JUVENILE POLYPOSIS WITH HEREDITARY HEMORRHAGIC TELANGIECTASIA,,,
Juvenile polyposis_hereditary hemorrhagic telangiectasia syndrome,JUVENILE POLYPOSIS/HEREDITARY HEMORRHAGIC TELANGIECTASIA SYNDROME (disorder),,,
Juvenile polyposis_hereditary hemorrhagic telangiectasia syndrome,Juvenile polyposis/hereditary hemorrhagic telangiectasia syndrome,,,
Legius Syndrome,Legius Syndrome,2,Mono,
Leigh syndrome,Leigh syndrome,2,,
Lethal tight skin contracture syndrome,Lethal tight skin contracture syndrome,2,,
"Lichen Amyloidosis, Familial","Lichen Amyloidosis, Familial",2,,
Li-Fraumeni Syndrome,Li-Fraumeni syndrome 1,,Mono,
Li-Fraumeni Syndrome,Li-Fraumeni syndrome 2,,,
Li-Fraumeni Syndrome,LFS,1,Mono,
Li-Fraumeni Syndrome,Li Fraumeni Syndrome,,Mono,
Li-Fraumeni Syndrome,Li-Fraumeni,,Mono,
Li-Fraumeni Syndrome,Li-Fraumeni (LFS),,Mono,
Li-Fraumeni Syndrome,li-fraumeni cancer family syndrome,,Mono,
Li-Fraumeni Syndrome,Li-Fraumeni Syndrome,2,Mono,
Li-Fraumeni-Like Syndrome,Li-Fraumeni-Like Syndrome,2,,
Limb-girdle muscular dystrophy,"Limb-girdle muscular dystrophy, type 2G",,,
Limb-girdle muscular dystrophy,Limb-girdle muscular dystrophy,2,,
Limb-girdle muscular dystrophy,"Limb-girdle muscular dystrophy, type 2F",,,
Lipodystrophy syndrome,Lipodystrophy syndrome,2,,
Lynch Syndrome,hereditary non polyposis colorectal cancer,,Mono,
Lynch Syndrome,Hereditary nonpolyposis colorectal cancer type 5,,Mono,
Lynch Syndrome,obsolete_Lynch syndrome,,Mono,
Lynch Syndrome,"colorectal cancer, hereditary nonpolyposis, type 2",,Mono,
Lynch Syndrome,"colorectal cancer, hereditary nonpolyposis, type 8",,Mono,
Lynch Syndrome,Lynch Syndrome,2,Mono,
Lynch Syndrome,dna-mismatch-repair,,Mono,
Lynch Syndrome,Hereditary non-polyposis colorectal cancer syndrome,1,Mono,
Lynch Syndrome,mmrd,,Mono,
Lynch Syndrome,Bethesda Criteria,,Mono,
Lynch Syndrome,Hereditary nonpolyposis colorectal cancer type 4,,Mono,
Lynch Syndrome,CMMR-D,,Mono,
Lynch Syndrome,LS,,Mono,
Lynch Syndrome,Lynch,,Mono,
Lynch Syndrome,Lynch syndrome 1,,Mono,
Lynch Syndrome,HNPCC,1,Mono,
Lynch Syndrome,Lynch Syndrome II,,Mono,
Lynch Syndrome,Lynch syndrome I,,Mono,
Lynch Syndrome,Hereditary Non-Polyposis Colon Cancer Type 2,,Mono,
Lynch Syndrome,Hereditary Nonpolyposis Colorectal Neoplasms,,Mono,
Lynch Syndrome,hereditary nonpolyposis colon cancer,,Mono,
Lynch Syndrome,Amsterdam Criteria,,Mono,
Lynch Syndrome,MISMATCH REPAIR CANCER SYNDROME,1,Mono,
Lynch Syndrome,Hereditary nonpolyposis colorectal carcinoma,,Mono,
Lynch Syndrome,Hereditary nonpolyposis colorectal cancer type 8,,Mono,
Lynch Syndrome,Hereditary nonpolyposis colorectal cancer type 7,,Mono,
Lynch Syndrome,Hereditary nonpolyposis colorectal cancer,,Mono,
Macrocephaly/autism syndrome,Macrocephaly/autism syndrome,2,,
macrocephaly-developmental delay syndrome,macrocephaly-developmental delay syndrome,2,,
"Macular dystrophy, patterned, 2","Macular dystrophy, patterned, 2",2,,
"Mandibular Hypoplasia, Deafness, Progeroid Features, and Lipodystrophy (MDPL) Syndrome","ANDIBULAR HYPOPLASIA, DEAFNESS, PROGEROID FEATURES, AND LIPODYSTROPHY SYNDROME",1,,
"Mandibular Hypoplasia, Deafness, Progeroid Features, and Lipodystrophy (MDPL) Syndrome",mandibular hypoplasia-deafness-progeroid syndrome,,,
Marinesco-Sjögren syndrome,Marinesco-Sjögren syndrome,2,Biallelic,
Matthew-Wood syndrome,Matthew-Wood syndrome,2,,
McLeod neuroacanthocytosis syndrome,McLeod neuroacanthocytosis syndrome,2,,
MDPL Syndrome,"Mandibular hypoplasia, deafness, progeroid features, and lipodystrophy syndrome",,Mono,
MDPL Syndrome,"Mandibular Hypoplasia, Deafness, Progeroid Features, and Lipodystrophy (MDPL) Syndrome",2,Mono,
Meacham syndrome,Meacham syndrome,2,,
Megalencephaly cutis marmorata telangiectatica congenita,Megalencephaly cutis marmorata telangiectatica congenita,2,,
Melanoma astrocytoma syndrome,MELANOMA-ASTROCYTOMA SYNDROME,,,
Melanoma astrocytoma syndrome,Melanoma astrocytoma syndrome,2,,
Melanoma astrocytoma syndrome,melanoma and neural system tumor syndrome,,,
MEN1,"Multiple endocrine neoplasia, type 1",,Mono,
MEN1,"MULTIPLE ENDOCRINE NEOPLASIA, TYPE I",,Mono,
MEN1,MEN1,2,Mono,
MEN1,Multiple Endocrine Neoplasia Type 1,1,Mono,
MEN1,Mult endo neoplas type I,,Mono,
MEN1,Multiple Endocrine Neoplasia Type 1 (MEN1),,Mono,
MEN2,Multiple Endocrine Neoplasia (MEN) Type 2 (MEN2),,Mono,
MEN2,Multiple endocrine neoplasia type 2,1,Mono,
MEN2A,Multiple Endocrine Neoplasia Type 2a,,Mono,
MEN2A,"MULTIPLE ENDOCRINE NEOPLASIA, TYPE IIA",,Mono,
MEN2A,Mult endo neop type IIA,,Mono,
MEN2A,"Multiple endocrine neoplasia, Type 2a",1,Mono,
MEN2B,Sipple Syndrome,1,Mono,
MEN2B,"Multiple endocrine neoplasia, Type 2b",1,Mono,
MEN2B,Multiple Endocrine Neoplasia Type 2b,1,Mono,
MEN2B,MEN2b,2,Mono,
MEN4,"Multiple Endocrine Neoplasia, Type 4",,Mono,
MEN4,Multiple Endocrine Neoplasia Type IV,,Mono,
MEN4,Multiple Endocrine Neoplasia Type 4,1,Mono,
MEN4,"Multiple Endocrine Neoplasia (MEN), Type 4",1,Mono,
MEN4,MEN4,2,Mono,
"Mental retardation, autosomal dominant","Mental retardation, autosomal dominant 16",,Mono,
"Mental retardation, autosomal dominant","Mental retardation, autosomal dominant 15",,Mono,
"Microcephaly, normal intelligence and immunodeficiency","Microcephaly, normal intelligence and immunodeficiency",2,,
Mitochondrial Complex II Deficiency,Mitochondrial Complex II Deficiency,2,Biallelic,
Mitochondrial Complex II Deficiency,Mitochondrial Complex II Deficiency With Or Without Cardiomyopathy,,Biallelic,
Mosaic Variegated Aneuploidy Syndrome,Mosaic Variegated Aneuploidy Syndrome,2,Biallelic,
Mosaic Variegated Aneuploidy Syndrome,Mosaic Variegated Aneuploidy Syndrome (MVA),,Biallelic,
Mosaic Variegated Aneuploidy Syndrome,Mosaic variegated aneuploidy syndrome 1,,Biallelic,
MSH3-associated Polyposis,MSH3-associated Polyposis,,Biallelic,
MSS-syndrome,MSS-syndrome,2,,
Muir-Torre syndrome,Torre-Muir syndrome,,Mono,
Muir-Torre syndrome,Muir-Torre syndrome,2,Mono,
Muir-Torre syndrome,Muir Torre Syndrome,,Mono,
Muir-Torre syndrome,Muir-TorrÃ© syndrome,,Mono,
Multiple exostoses type 2,Multiple exostoses type 2,2,,
MUTYH-Associated Polyposis Syndrome,MUTYH-related attenuated familial adenomatous polyposis,,Biallelic,
MUTYH-Associated Polyposis Syndrome,MUTYH-associated polyposis,,Biallelic,
MUTYH-Associated Polyposis Syndrome,MUTYH-Associated Polyposis Syndrome,2,Biallelic,
MUTYH-Associated Polyposis Syndrome,MUTYH-Associate Polyposis,,Biallelic,
MUTYH-Associated Polyposis Syndrome,MYH-Associated Polyposis,1,Biallelic,
MUTYH-associated Polyposis Syndrome,MAP,1,Biallelic,
MUTYH-Associated Polyposis Syndrome,MUTYH-Associated Polyposis (MAP),,Biallelic,
MUTYH-related AFAP,MUTYH AFAP,,Biallelic,
MUTYH-related AFAP,MUTYH-related AFAP,2,Biallelic,
Myelodysplastic syndrome,Myelodysplastic syndrome,2,,
Myhre syndrome,Myhre syndrome,2,Mono,
Myofibrillar Myopathy 1,myofibrillar myopathy 1,2,,
"Myopathy, myosin storage, autosomal recessive","Myopathy, myosin storage, autosomal recessive",2,,
Myosin storage myopathy,Myosin storage myopathy,2,,
Neonatal Severe Hyperparathyroidism,Neonatal Severe Hyperparathyroidism,,Biallelic,
Neonatal Severe Hyperparathyroidism,Neonatal Severe Hyperparathyroidism (NSHPT),2,Biallelic,
Neonatal Severe Hyperparathyroidism,NSHPT,,Biallelic,
"Neoplastic Syndromes, Hereditary","Neoplastic Syndromes, Hereditary",2,,
Neurofibromatosis,Neurofibromatosis NOS,,,
Neurofibromatosis,"Neurofibromatosis, familial spinal",,,
Neurofibromatosis,Neurofibromatoses,,,
Neurofibromatosis,neurofibromatosis,2,,
"Neurofibromatosis, type 1",VON RECKLINGHAUSEN DISEASE,1,Mono,
"Neurofibromatosis, type 1",Neurofibromatosis type 1 due to NF1 mutation or intragenic deletion,,Mono,
"Neurofibromatosis, type 1","obsolete neurofibromatosis, type 1",,Mono,
"Neurofibromatosis, type 1","Neurofibromatosis, type 1",2,Mono,
"Neurofibromatosis, type 1",Neurofibromatosis Type 1 (NF1),,Mono,
"Neurofibromatosis, type 1",neurofibromatosis type 1,,Mono,
"Neurofibromatosis, type 1",Neurofibromatosis 1,,Mono,
"Neurofibromatosis, type 1","Neurofibromatosis, type 1 [von recklinghausen's disease]",,Mono,
"Neurofibromatosis, type 2",neurofibromatosis type 2,,Mono,
"Neurofibromatosis, type 2","Neurofibromatosis, type 2",2,Mono,
Neurofibromatosis-Noonan syndrome,Neurofibromatosis-Noonan syndrome,2,Mono,
Nijmegen breakage syndrome,Nijmegen breakage syndrome,2,Biallelic,
Nijmegen Breakage Syndrome,NBS,1,Biallelic,
Nijmegen breakage syndrome,Nijmegen Breakage (NBS),,Biallelic,
Nijmegen Breakage Syndrome-Like Disorder,NBSLD,2,Biallelic,
Nijmegen Breakage Syndrome-Like Disorder,Nijmegen Breakage Syndrome-Like Disorder,2,Biallelic,
Nijmegen Breakage Syndrome-Like Disorder,Nijmegen Breakage Syndrome-Like Disorder (NBSLD),2,Biallelic,
Nijmegen Breakage Syndrome-Like Disorder,Nijmegen breakage syndrome-like disorder,1,Biallelic,
NTHL1 Tumor Syndrome,NTHL1 Tumor Syndrome,,Biallelic,
NTHL1 Tumor Syndrome,Colorectal and Breast cancer syndrome,,Biallelic,
obsolete congestive cardiomyopathy,obsolete_congestive cardiomyopathy,2,,
obsolete neurofibromatosis,obsolete_neurofibromatosis,2,,
Oligodontia-Colorectal Cancer Syndrome,Oligodontia-Colorectal Cancer Syndrome,2,Mono,
Osler-Rendu-Weber Disease,Hereditary Hemorrhagic Telangiectasia,,Mono,
Osler-Rendu-Weber Disease,OSLER-RENDU-WEBER DISEASE,2,Mono,
Osler-Rendu-Weber Disease,"telangiectasia, hereditary hemorrhagic, of Rendu, Osler, and Weber",,Mono,
otofaciocervical syndrome,otofaciocervical syndrome 1,,,
otofaciocervical syndrome,otofaciocervical syndrome,2,,
Paraganglioma and Gastric Stromal Sarcoma Syndrome,Paraganglioma and gastric stromal sarcoma Syndrome,2,,
Paraganglioma and Gastric Stromal Sarcoma Syndrome,Paraganglioma and gastric stromal sarcoma,,,
Partial albinism,Partial albinism,2,,
Pauci-immune glomerulonephritis,Pauci-immune glomerulonephritis,2,,
Perlman Syndrome,Perlman Syndrome,2,Biallelic,
Peutz-Jeghers Syndrome,PJS,1,Mono,
Peutz-Jeghers Syndrome,Peutz-Jeghers Syndrome (PJS),,Mono,
Peutz-Jeghers Syndrome,Peutz-Jeghers Syndrome,2,Mono,
Polycystic ovary syndrome,Polycystic ovary syndrome,2,,
Polymerase Proofreading-Related Adenomatous Polyposis,Polymerase proofreading-related adenomatous polyposis,2,,
"Polyposis, Gastric","polyposis, gastric, Dos Santos and de Magalhaes 1980",,,
"Polyposis, Gastric","Polyposis, Gastric",2,,
primary hypergonadotropic hypogonadism-partial alopecia syndrome,primary hypergonadotropic hypogonadism-partial alopecia syndrome,2,,
Proteus syndrome,Proteus syndrome,2,,
Proteus-Like Syndrome,Proteus-Like Syndrome,2,,
PTEN-Related Proteus Syndrome,PTEN-Related Proteus Syndrome,2,Mono,
PTEN-Related Proteus-Like Syndrome,PTEN-Related Proteus-Like Syndrome,2,Mono,
"Pulmonary fibrosis and/or bone marrow failure, telomere-related, 1","Pulmonary fibrosis and/or bone marrow failure, telomere-related, 1",2,,
"Pulmonary fibrosis and/or bone marrow failure, telomere-related, 2","Pulmonary fibrosis and/or bone marrow failure, telomere-related, 2",2,,
Rapadilino Syndrome,Rapadilino Syndrome,2,Biallelic,
Renal hamartomas nephroblastomatosis and fetal gigantism,Renal hamartomas nephroblastomatosis and fetal gigantism,2,,
Rhabdoid Tumor Predisposition Syndrome 1 (RTPS1),Rhabdoid tumor predisposition syndrome 1,,Mono,
Rhabdoid Tumor Predisposition Syndrome 1 (RTPS1),Rhabdoid Tumor Predisposition Syndrome 1 (RTPS1),2,Mono,
Rhabdoid Tumor Predisposition Syndrome 2 (RTPS2),Rhabdoid tumor predisposition syndrome 2,,Mono,
Rhabdoid Tumor Predisposition Syndrome 2 (RTPS2),Rhabdoid Tumor Predisposition Syndrome Type 2 (RTPS2),,Mono,
Rothmund-Thomson Syndrome,RTS,2,Biallelic,
Rothmund-Thomson Syndrome,Rothmund-Thomson Syndrome,2,Biallelic,
"Scapuloperoneal myopathy, MYH7-related","Scapuloperoneal myopathy, MYH7-related",2,,
"Scapuloperoneal syndrome, neurogenic, Kaeser type","Scapuloperoneal syndrome, neurogenic, Kaeser type",2,,
Schwannomatosis,Schwannomatosis,2,Mono,
Seckel syndrome 1,Seckel syndrome 1,2,,
"Seizures, scoliosis, and macrocephaly syndrome","Seizures, scoliosis, and macrocephaly syndrome",2,,
Serrated Polyposis Syndrome,Serrated Polyposis Syndrome,,,
Sessile serrated polyposis cancer syndrome,Sessile serrated polyposis cancer syndrome,2,,
Shwachman syndrome,Shwachman syndrome,2,,
Silver-Russell Syndrome,Silver-Russell Syndrome,,,
Simpson-Golabi-Behmel syndrome,Simpson-Golabi-Behmel syndrome,2,x,
Simpson-Golabi-Behmel Syndrome,XLR Simpson-Golabi-Behmel Syndrome,2,x,
Skin fragility woolly hair syndrome,Skin fragility woolly hair syndrome,2,,
Spiegler-Brooke syndrome,Spiegler-Brooke syndrome,2,,
susceptibility to uveal melanoma,susceptibility to uveal melanoma,2,,
Syndromic diarrhea,Syndromic diarrhea,2,,
Tietz syndrome,Tietz syndrome,2,,
Trichohepatoenteric Syndrome,Trichohepatoenteric Syndrome,2,Biallelic,
Trichohepatoenteric Syndrome,tricho-hepato-enteric syndrome,,,
Trichohepatoenteric Syndrome,TRICHOHEPATOENTERIC SYNDROME 1,,Biallelic,
"Trichothiodystrophy 1, photosensitive","Trichothiodystrophy 1, photosensitive",2,Biallelic,
"Trichothiodystrophy 2, photosensitive","Trichothiodystrophy 2, photosensitive",2,Biallelic,
Tuberous Sclerosis Complex,Tuberous Sclerosis Complex (TSC),2,Mono,
Tuberous Sclerosis Complex,Tuberous sclerosis 2,,Mono,
Tuberous Sclerosis Complex,Tuberous sclerosis,,Mono,
Tuberous Sclerosis Complex,Tuberous sclerosis 1,,Mono,
Tumor Predisposition Syndrome,Tumor Predisposition Syndrome,2,,
Turcot Syndrome,Turcot Syndrome,2,Mono,
Turcot Syndrome,Glioma-polyposis syndrome,1,Mono,
Turcot Syndrome,Glioma-polyposis syndrome,,Biallelic,
Turcot Syndrome,Turcot syndrome (disorder),,Biallelic,
Turcot Syndrome,Turcot Syndrome,2,Biallelic,
Turcot Syndrome,Turcot,,Mono,
Turcot Syndrome,Brain tumor-polyposis syndrome,1,Mono,
Turcot Syndrome,Brain tumor-polyposis syndrome,,Biallelic,
Turcot Syndrome,Turcot Syndrome (disorder),2,Biallelic,
Turner syndrome,Turner syndrome,2,,
Tyrosinemia type I,Tyrosinemia type I,2,,
"VACTERL association with hydrocephaly, X-linked","VACTERL association with hydrocephaly, X-linked",2,x,
Von Hippel Lindau Syndrome,von Hippel-Lindau disease,,Mono,
Von Hippel Lindau Syndrome,"Syndrome, von Hippel-Lindau",,Mono,
Von Hippel Lindau Syndrome,VHL,1,Mono,
Von Hippel Lindau Syndrome,von hippel-lindau,,Mono,
Von Hippel Lindau Syndrome,Von Hippel Lindau Syndrome,2,Mono,
Von Hippel Lindau Syndrome,Von Hippel-Lindau syndrome,,Mono,
Von Hippel Lindau Syndrome,Von Hippel-Lindau Syndrome (VHL),,Mono,
Waardenburg syndrome type 2A,Waardenburg syndrome type 2A,2,Mono,
WAGR Syndrome,WAGR Syndrome,2,x,
WAGR Syndrome,"Wilms tumor, aniridia, genitourinary anomalies, and mental retardation syndrome",2,x,
Watson Syndrome,Watson Syndrome,2,Mono,
Weaver Syndrome,Weaver Syndrome,2,Mono,
Werner Syndrome,Werner Syndrome,2,Biallelic,
Williams Syndrome,Williams-Beuren syndrome,1,Mono,
Xeroderma Pigmentosa,"Xeroderma pigmentosum, group D",,Biallelic,
Xeroderma Pigmentosa,"Xeroderma pigmentosum, type 1",,Biallelic,
Xeroderma Pigmentosa,"Xeroderma pigmentosum, group G",,Biallelic,
Xeroderma Pigmentosa,"Xeroderma pigmentosum, group E",,Biallelic,
Xeroderma Pigmentosa,"Xeroderma pigmentosum, complementation group b",,Biallelic,
Xeroderma Pigmentosa,Xeroderma pigmentosum,,Biallelic,
Xeroderma Pigmentosa,Xeroderma Pigmentosa,2,Biallelic,
Xeroderma Pigmentosa,"Xeroderma pigmentosum, group F",,Biallelic,
XFE progeroid syndrome,XFE progeroid syndrome,2,Biallelic,
X-Linked Dyskeratosis Congenita,X-Linked Dyskeratosis Congenita,2,x,
X-Linked Fanconi Anemia,X-Linked Fanconi Anemia,2,x,
X-Linked GATA1-Related Cytopenia,X-Linked GATA1-Related Cytopenia,2,x,
X-linked ichthyosis syndrome,syndromic recessive X-linked ichthyosis,,x,
X-linked ichthyosis syndrome,X-linked ichthyosis syndrome,2,x,
XO Syndrome,XO Syndrome,2,,
Zollinger-Ellison syndrome,Zollinger-Ellison syndrome,2,,
Familial isolated pituitary adenoma,FIPA,2,Mono,
Familial isolated pituitary adenoma,Familial isolated pituitary adenoma,1,,
GAPPS,GAPPS,1,,
Autosomal dominant hypocalcemia,Autosomal dominant hypocalcemia,1,,
Autosomal dominant hypocalcemia,ADH,2,,
Autosomal dominant hypocalcemia with Bartter Syndrome,Autosomal dominant hypocalcemia with Bartter Syndrome,1,,
Autosomal dominant hypocalcemia with Bartter Syndrome,ADH with Bartter Syndrome,2,,
Neonatal inflammatory skin and bowel disease,neonatal inflammatory skin and bowel disease,1,Bi,
COMMAD syndrome,"Coloboma, osteopetrosis, microphthalmia, macrocephaly, albinism, and deafness",2,,
COMMAD syndrome,COMMAD syndrome,1,,
POT1 tumor predisposition syndrome,POT1 tumor predisposition syndrome,1,,
"Small cell carcinoma of the ovary, hypercalcemic type","Small cell carcinoma of the ovary, hypercalcemic type",1,Mono,
"Small cell carcinoma of the ovary, hypercalcemic type",SCCOHT,2,Mono,
Coffin-Siris syndrome,Coffin-Siris syndrome,1,Mono,
Congenital ocular motor apraxia,Congenital ocular motor apraxia,,,
Congenital ocular motor apraxia,COMA,,,
fumarate hydratase deficiency,FHD,,,
Hereditary Papillary Renal Cell Carcinoma,HPRCC,,,
Hereditary Papillary Renal Cell Carcinoma,Hereditary Papillary Renal Cell Carcinoma,,,
Blepharocheilodontic Syndrome,Blepharo-cheilo-dontic syndrome,,,